fecha,resolucion,despacho,expediente,enlace
2005-08-17,590-2005,Sala Primera,00-000578-0163-CA,https://nexuspj.poder-judicial.go.cr/document/sen-1-0034-341952
2005-12-09,597-2005,"Tribunal Contencioso Administrativo, Sección II",03-000066-0163-CA,https://nexuspj.poder-judicial.go.cr/document/sen-1-0034-326964
2006-06-21,376-2006,Sala Primera,96-000004-0178-CA,https://nexuspj.poder-judicial.go.cr/document/sen-1-0034-358137
2006-09-06,636-2006,Sala Primera,99-000541-0163-CA,https://nexuspj.poder-judicial.go.cr/document/sen-1-0034-358162
2006-10-11,765-2006,Sala Primera,99-001138-0163-AG,https://nexuspj.poder-judicial.go.cr/document/sen-1-0034-366140
2007-02-02,74-2007,Sala Primera,99-001145-0163-CA,https://nexuspj.poder-judicial.go.cr/document/sen-1-0034-370854
2007-02-23,78-2007,"Tribunal Contencioso Administrativo, Sección I",04-000472-0016-CA,https://nexuspj.poder-judicial.go.cr/document/sen-1-0034-367430
2007-03-09,3446-2007,Sala Constitucional,07-002222-0007-CO,https://nexuspj.poder-judicial.go.cr/document/sen-1-0007-385026
2007-04-30,214-2007,"Tribunal Contencioso Administrativo, Sección II",02-000259-0163-CA,https://nexuspj.poder-judicial.go.cr/document/sen-1-0034-374828
2007-07-03,308-2007,"Tribunal Contencioso Administrativo, Sección II",98-000958-0163-CA,https://nexuspj.poder-judicial.go.cr/document/sen-1-0034-378889
2007-07-05,750-2007,Tribunal de Casación Penal de San José,03-001263-0219-PE,https://nexuspj.poder-judicial.go.cr/document/sen-1-0034-379808
2007-08-24,612-2007,Sala Primera,00-000432-0163-CA,https://nexuspj.poder-judicial.go.cr/document/sen-1-0034-387420
2007-09-27,702-2007,Sala Primera,00-000547-0163-CA,https://nexuspj.poder-judicial.go.cr/document/sen-1-0034-389412
2007-10-03,459-2007,"Tribunal Contencioso Administrativo, Sección II",05-001068-0163-CA,https://nexuspj.poder-judicial.go.cr/document/sen-1-0034-391162
2007-12-14,1581-2007,Tribunal de Casación Penal de San José,04-609654-0489-TC,https://nexuspj.poder-judicial.go.cr/document/sen-1-0034-397250
2008-03-14,65-2008,"Tribunal Contencioso Administrativo, Sección I",01-000775-0163-CA,https://nexuspj.poder-judicial.go.cr/document/sen-1-0034-410987
2008-03-25,213-2008,Sala Primera,02-000758-0163-CA,https://nexuspj.poder-judicial.go.cr/document/sen-1-0034-401606
2008-03-28,252-2008,Sala Tercera,03-001211-0068-PE,https://nexuspj.poder-judicial.go.cr/document/sen-1-0034-410021
2008-05-13,152-2008,"Tribunal Contencioso Administrativo, Sección II",04-001108-0163-CA,https://nexuspj.poder-judicial.go.cr/document/sen-1-0034-408659
2008-05-29,614-2008,Sala Tercera,01-000361-0064-PE,https://nexuspj.poder-judicial.go.cr/document/sen-1-0034-416264
2008-08-14,218-2008,"Tribunal Contencioso Administrativo, Sección I",04-000975-0163-CA,https://nexuspj.poder-judicial.go.cr/document/sen-1-0034-485820
2008-09-26,654-2008,Sala Primera,02-000605-0163-CA,https://nexuspj.poder-judicial.go.cr/document/sen-1-0034-427736
2008-10-22,22-2008,"Tribunal Contencioso Administrativo, Sección VII",94-000581-0177-CA,https://nexuspj.poder-judicial.go.cr/document/sen-1-0034-427157
2009-02-26,18-2009,"Tribunal Contencioso Administrativo, Sección IX",99-001028-0163-CA,https://nexuspj.poder-judicial.go.cr/document/sen-1-0034-443234
2009-02-27,19-2009,"Tribunal Contencioso Administrativo, Sección IX",03-000429-0163-CA,https://nexuspj.poder-judicial.go.cr/document/sen-1-0034-442867
2009-03-13,19-2009,"Tribunal Contencioso Administrativo, Sección VIII",04-100229-0389-CI,https://nexuspj.poder-judicial.go.cr/document/sen-1-0034-442859
2009-03-30,44-2009,"Tribunal Contencioso Administrativo, Sección VII",02-000968-0163-CA,https://nexuspj.poder-judicial.go.cr/document/sen-1-0034-443054
2009-08-26,386-2009,"Tribunal Contencioso Administrativo, Sección I",06-000317-0163-CA,https://nexuspj.poder-judicial.go.cr/document/sen-1-0034-448508
2009-09-11,1132-2009,Sala Tercera,06-000159-0629-PE,https://nexuspj.poder-judicial.go.cr/document/sen-1-0034-454335
2009-09-25,66-2009,"Tribunal Contencioso Administrativo, Sección VIII",02-000938-0163-CA,https://nexuspj.poder-judicial.go.cr/document/sen-1-0034-459835
2009-10-01,98-2009,"Tribunal Contencioso Administrativo, Sección VII",04-000261-0163-CA,https://nexuspj.poder-judicial.go.cr/document/sen-1-0034-451905
2009-10-05,2164-2009,"Tribunal Contencioso Administrativo, Sección VI",09-000002-0181-CI,https://nexuspj.poder-judicial.go.cr/document/sen-1-0034-451266
2009-10-27,114-2009,"Tribunal Contencioso Administrativo, Sección X",97-000305-0163-CA,https://nexuspj.poder-judicial.go.cr/document/sen-1-0034-452438
2009-11-30,103-2009,"Tribunal Contencioso Administrativo, Sección IX",01-000018-0163-CA,https://nexuspj.poder-judicial.go.cr/document/sen-1-0034-461323
2009-12-17,137-2009,"Tribunal Contencioso Administrativo, Sección X",01-001513-0182-CI,https://nexuspj.poder-judicial.go.cr/document/sen-1-0034-460116
2009-12-18,115-2009,"Tribunal Contencioso Administrativo, Sección IX",02-000566-0163-CA,https://nexuspj.poder-judicial.go.cr/document/sen-1-0034-460082
2010-01-06,53-2010,Sala Primera,03-000659-0163-CA,https://nexuspj.poder-judicial.go.cr/document/sen-1-0034-461533
2010-01-18,121-2010,"Tribunal Contencioso Administrativo, Sección VI",08-001177-1027-CA,https://nexuspj.poder-judicial.go.cr/document/sen-1-0034-460890
2010-01-29,53-2010,"Tribunal Contencioso Administrativo, Sección II",03-000371-0163-CA,https://nexuspj.poder-judicial.go.cr/document/sen-1-0034-461738
2010-03-04,825-2010,"Tribunal Contencioso Administrativo, Sección VI",04-000292-0673-FA,https://nexuspj.poder-judicial.go.cr/document/sen-1-0034-462480
2010-03-16,993-2010,"Tribunal Contencioso Administrativo, Sección VI",09-001615-1027-CA,https://nexuspj.poder-judicial.go.cr/document/sen-1-0034-465450
2010-03-22,1117-2010,"Tribunal Contencioso Administrativo, Sección VI",09-001455-1027-CA,https://nexuspj.poder-judicial.go.cr/document/sen-1-0034-466939
2010-05-04,1666-2010,"Tribunal Contencioso Administrativo, Sección VI",09-000835-1027-CA,https://nexuspj.poder-judicial.go.cr/document/sen-1-0034-476042
2010-05-25,1965-2010,"Tribunal Contencioso Administrativo, Sección VI",09-000642-1027-CA,https://nexuspj.poder-judicial.go.cr/document/sen-1-0034-476064
2010-05-27,2011-2010,"Tribunal Contencioso Administrativo, Sección VI",08-001496-1027-CA,https://nexuspj.poder-judicial.go.cr/document/sen-1-0034-476066
2010-06-09,687-2010,Sala Primera,08-000101-0161-CA,https://nexuspj.poder-judicial.go.cr/document/sen-1-0034-484601
2010-06-11,2244-2010,"Tribunal Contencioso Administrativo, Sección VI",10-000432-1027-CA,https://nexuspj.poder-judicial.go.cr/document/sen-1-0034-478817
2010-06-30,2460-2010,"Tribunal Contencioso Administrativo, Sección VI",09-003145-1027-CA,https://nexuspj.poder-judicial.go.cr/document/sen-1-0034-479296
2010-06-30,2506-2010,"Tribunal Contencioso Administrativo, Sección VI",08-000322-1027-CA,https://nexuspj.poder-judicial.go.cr/document/sen-1-0034-479297
2010-07-07,2567-2010,"Tribunal Contencioso Administrativo, Sección VI",09-002447-1027-CA,https://nexuspj.poder-judicial.go.cr/document/sen-1-0034-482588
2010-07-29,2773-2010,"Tribunal Contencioso Administrativo, Sección VI",09-002638-1027-CA,https://nexuspj.poder-judicial.go.cr/document/sen-1-0034-484540
2010-07-30,75-2010,"Tribunal Contencioso Administrativo, Sección IX",94-000699-0177-CA,https://nexuspj.poder-judicial.go.cr/document/sen-1-0034-484578
2010-08-30,69-2010,"Tribunal Contencioso Administrativo, Sección VIII",07-001140-0163-CA,https://nexuspj.poder-judicial.go.cr/document/sen-1-0034-488880
2010-09-30,81-2010,"Tribunal Contencioso Administrativo, Sección VIII",03-000429-0163-CA,https://nexuspj.poder-judicial.go.cr/document/sen-1-0034-491747
2010-11-25,4405-2010,"Tribunal Contencioso Administrativo, Sección VI",10-002482-1027-CA,https://nexuspj.poder-judicial.go.cr/document/sen-1-0034-492674
2010-12-16,1517-2010,Sala Primera,08-001540-1027-CA,https://nexuspj.poder-judicial.go.cr/document/sen-1-0034-511553
2010-12-20,4705-2010,"Tribunal Contencioso Administrativo, Sección VI",09-001600-1027-CA,https://nexuspj.poder-judicial.go.cr/document/sen-1-0034-502583
2010-12-22,4748-2010,"Tribunal Contencioso Administrativo, Sección VI",10-000938-1027-CA,https://nexuspj.poder-judicial.go.cr/document/sen-1-0034-502610
2011-01-19,19-2011,Sala Primera,08-001548-1027-CA,https://nexuspj.poder-judicial.go.cr/document/sen-1-0034-503340
2011-03-29,26-2011,"Tribunal Contencioso Administrativo, Sección II",02-001084-0163-CA,https://nexuspj.poder-judicial.go.cr/document/sen-1-0034-512712
2011-04-28,40-2011,"Tribunal Contencioso Administrativo, Sección II",07-000010-0638-CI,https://nexuspj.poder-judicial.go.cr/document/sen-1-0034-512866
2011-05-09,112-2011,Tribunal Contencioso Administrativo,08-000959-1027-CA,https://nexuspj.poder-judicial.go.cr/document/sen-1-0034-513640
2011-05-31,53-2011,"Tribunal Contencioso Administrativo, Sección II",03-000102-0163-CA,https://nexuspj.poder-judicial.go.cr/document/sen-1-0034-515291
2011-06-13,136-2011,"Tribunal Contencioso Administrativo, Sección VI",10-001654-1027-CA,https://nexuspj.poder-judicial.go.cr/document/sen-1-0034-515400
2011-07-07,873-2011,Tribunal de Casación Penal de San José,09-002893-0275-PE,https://nexuspj.poder-judicial.go.cr/document/sen-1-0034-518455
2011-08-19,178-2011,"Tribunal Contencioso Administrativo, Sección VI",10-000951-1027-CA,https://nexuspj.poder-judicial.go.cr/document/sen-1-0034-521448
2011-09-08,1084-2011,Sala Primera,09-002761-1027-CA,https://nexuspj.poder-judicial.go.cr/document/sen-1-0034-526415
2011-09-08,1102-2011,Sala Primera,08-001297-1027-CA,https://nexuspj.poder-judicial.go.cr/document/sen-1-0034-526258
2011-10-28,228-2011,"Tribunal Contencioso Administrativo, Sección VI",10-001539-1027-CA,https://nexuspj.poder-judicial.go.cr/document/sen-1-0034-526683
2011-11-03,1329-2011,Sala Tercera,01-290759-0331-PE,https://nexuspj.poder-judicial.go.cr/document/sen-1-0034-538483
2011-11-23,1590-2011,Tribunal de Apelación de Sentencia Penal del II Circuito Judicial de San José,03-200784-0485-PE,https://nexuspj.poder-judicial.go.cr/document/sen-1-0034-532522
2011-12-12,118-2011,"Tribunal Contencioso Administrativo, Sección VII",06-000360-0163-CA,https://nexuspj.poder-judicial.go.cr/document/sen-1-0034-532433
2012-01-11,1-2012,"Tribunal Contencioso Administrativo, Sección VII",06-001016-0163-CA,https://nexuspj.poder-judicial.go.cr/document/sen-1-0034-535848
2012-02-17,27-2012,"Tribunal Contencioso Administrativo, Sección VI",09-002158-1027-CA,https://nexuspj.poder-judicial.go.cr/document/sen-1-0034-535838
2012-02-21,16-2012,"Tribunal Contencioso Administrativo, Sección II",94-000524-0177-CA,https://nexuspj.poder-judicial.go.cr/document/sen-1-0034-537948
2012-03-22,53-2012,"Tribunal Contencioso Administrativo, Sección VI",10-002088-1027-CA,https://nexuspj.poder-judicial.go.cr/document/sen-1-0034-538205
2012-03-30,52-2012,"Tribunal Contencioso Administrativo, Sección II",02-000760-0163-CA,https://nexuspj.poder-judicial.go.cr/document/sen-1-0034-538197
2012-04-17,121-2012,Tribunal de Apelación de Sentencia Penal de Guanacaste,09-002074-0396-PE,https://nexuspj.poder-judicial.go.cr/document/sen-1-0034-538607
2012-04-18,713-2012,Tribunal de Apelación de Sentencia Penal del II Circuito Judicial de San José,05-009141-0647-PE,https://nexuspj.poder-judicial.go.cr/document/sen-1-0034-540195
2012-04-19,489-2012,Sala Primera,01-000018-0163-CA,https://nexuspj.poder-judicial.go.cr/document/sen-1-0034-541735
2012-04-27,73-2012,"Tribunal Contencioso Administrativo, Sección II",04-000141-0163-CA,https://nexuspj.poder-judicial.go.cr/document/sen-1-0034-539395
2012-05-09,78-2012,"Tribunal Contencioso Administrativo, Sección VI",11-002656-1027-CA,https://nexuspj.poder-judicial.go.cr/document/sen-1-0034-540478
2012-05-15,80-2012,"Tribunal Contencioso Administrativo, Sección VI",09-002362-1027-CA,https://nexuspj.poder-judicial.go.cr/document/sen-1-0034-540480
2012-05-18,50-2012,"Tribunal Contencioso Administrativo, Sección IV",10-001480-1028-CA,https://nexuspj.poder-judicial.go.cr/document/sen-1-0034-564936
2012-05-23,626-2012,Sala Primera,09-000120-0183-CI,https://nexuspj.poder-judicial.go.cr/document/sen-1-0034-545915
2012-05-31,663-2012,Sala Primera,02-000760-0163-CA,https://nexuspj.poder-judicial.go.cr/document/sen-1-0034-542710
2012-06-11,49-2012,"Tribunal Contencioso Administrativo, Sección V",10-003794-1027-CA,https://nexuspj.poder-judicial.go.cr/document/sen-1-0034-544345
2012-06-12,52-2012,"Tribunal Contencioso Administrativo, Sección V",08-100952-0857-CI,https://nexuspj.poder-judicial.go.cr/document/sen-1-0034-544532
2012-06-19,118-2012,"Tribunal Contencioso Administrativo, Sección VI",10-002761-1027-CA,https://nexuspj.poder-judicial.go.cr/document/sen-1-0034-542982
2012-06-25,121-2012,"Tribunal Contencioso Administrativo, Sección VI",11-004344-1027-CA,https://nexuspj.poder-judicial.go.cr/document/sen-1-0034-543011
2012-07-18,81-2012,"Tribunal Contencioso Administrativo, Sección VII",03-000143-0163-CA,https://nexuspj.poder-judicial.go.cr/document/sen-1-0034-550677
2012-07-26,896-2012,Sala Primera,09-000167-1027-CA,https://nexuspj.poder-judicial.go.cr/document/sen-1-0034-567756
2012-08-10,168-2012,Tribunal Contencioso Administrativo,07-001523-0163-CA,https://nexuspj.poder-judicial.go.cr/document/sen-1-0034-544352
2012-08-22,77-2012,"Tribunal Contencioso Administrativo, Sección V",11-005916-1027-CA,https://nexuspj.poder-judicial.go.cr/document/sen-1-0034-549777
2012-08-31,184-2012,"Tribunal Contencioso Administrativo, Sección II",07-001658-0163-CA,https://nexuspj.poder-judicial.go.cr/document/sen-1-0034-546906
2012-09-10,181-2012,"Tribunal Contencioso Administrativo, Sección VI",05-000246-0184-CI,https://nexuspj.poder-judicial.go.cr/document/sen-1-0034-550310
2012-09-14,86-2012,"Tribunal Contencioso Administrativo, Sección V",11-002524-1027-CA,https://nexuspj.poder-judicial.go.cr/document/sen-1-0034-551933
2012-09-20,87-2012,"Tribunal Contencioso Administrativo, Sección V",11-004852-1027-CA,https://nexuspj.poder-judicial.go.cr/document/sen-1-0034-551934
2012-09-28,210-2012,"Tribunal Contencioso Administrativo, Sección II",07-001194-0163-CA,https://nexuspj.poder-judicial.go.cr/document/sen-1-0034-549544
2012-09-28,100-2012,"Tribunal Contencioso Administrativo, Sección IV",11-004110-1027-CA,https://nexuspj.poder-judicial.go.cr/document/sen-1-0034-549729
2012-10-08,93-2012,"Tribunal Contencioso Administrativo, Sección V",11-003984-1027-CA,https://nexuspj.poder-judicial.go.cr/document/sen-1-0034-551941
2012-10-11,2020-2012,Tribunal de Apelación de Sentencia Penal del II Circuito Judicial de San José,09-002501-0275-PE,https://nexuspj.poder-judicial.go.cr/document/sen-1-0034-553042
2012-10-12,96-2012,"Tribunal Contencioso Administrativo, Sección V",10-000285-1027-CA,https://nexuspj.poder-judicial.go.cr/document/sen-1-0034-551944
2012-10-18,1367-2012,Sala Primera,08-000268-1027-CA,https://nexuspj.poder-judicial.go.cr/document/sen-1-0034-585251
2012-10-24,138-2012,"Tribunal Contencioso Administrativo, Sección VII",05-001180-0163-CA,https://nexuspj.poder-judicial.go.cr/document/sen-1-0034-553558
2012-10-26,239-2012,"Tribunal Contencioso Administrativo, Sección VI",11-001454-1027-CA,https://nexuspj.poder-judicial.go.cr/document/sen-1-0034-550953
2012-11-15,244-2012,"Tribunal Contencioso Administrativo, Sección II",06-000009-0163-CA,https://nexuspj.poder-judicial.go.cr/document/sen-1-0034-552159
2012-12-14,1160-2012,Sala Segunda,09-002980-0166-LA,https://nexuspj.poder-judicial.go.cr/document/sen-1-0034-557709
2012-12-20,127-2012,"Tribunal Contencioso Administrativo, Sección V",11-004840-1027-CA,https://nexuspj.poder-judicial.go.cr/document/sen-1-0034-553955
2013-02-01,19-2013,"Tribunal Contencioso Administrativo, Sección VI",12-004553-1027-CA,https://nexuspj.poder-judicial.go.cr/document/sen-1-0034-561246
2013-02-28,32-2013,"Tribunal Contencioso Administrativo, Sección VII",06-001222-0163-CA,https://nexuspj.poder-judicial.go.cr/document/sen-1-0034-565825
2013-03-06,46-2013,"Tribunal Contencioso Administrativo, Sección VI",10-001331-1027-CA,https://nexuspj.poder-judicial.go.cr/document/sen-1-0034-565582
2013-03-22,29-2013,"Tribunal Contencioso Administrativo, Sección IV",12-000881-1027-CA,https://nexuspj.poder-judicial.go.cr/document/sen-1-0034-569241
2013-04-09,417-2013,Sala Primera,09-002746-1027-CA,https://nexuspj.poder-judicial.go.cr/document/sen-1-0034-569059
2013-04-12,392-2013,Sala Segunda,10-000469-0641-LA,https://nexuspj.poder-judicial.go.cr/document/sen-1-0034-569017
2013-04-12,393-2013,Sala Segunda,10-000473-0641-LA,https://nexuspj.poder-judicial.go.cr/document/sen-1-0034-568821
2013-04-24,7-2013,"Tribunal Contencioso Administrativo, Sección VII",11-007094-1027-CA,https://nexuspj.poder-judicial.go.cr/document/sen-1-0034-569283
2013-04-30,100-2013,"Tribunal Contencioso Administrativo, Sección II",05-000026-0163-CA,https://nexuspj.poder-judicial.go.cr/document/sen-1-0034-568201
2013-05-08,66-2013,"Tribunal Contencioso Administrativo, Sección VI",12-001440-1027-CA,https://nexuspj.poder-judicial.go.cr/document/sen-1-0034-569215
2013-05-16,621-2013,Sala Primera,10-000623-1027-CA,https://nexuspj.poder-judicial.go.cr/document/sen-1-0034-570804
2013-05-28,48-2013,"Tribunal Contencioso Administrativo, Sección IV",12-004603-1027-CA,https://nexuspj.poder-judicial.go.cr/document/sen-1-0034-569218
2013-05-30,46-2013,"Tribunal Contencioso Administrativo, Sección I",98-000571-0163-CA,https://nexuspj.poder-judicial.go.cr/document/sen-1-0034-570656
2013-06-17,30-2013,"Tribunal Contencioso Administrativo, Sección VII",12-003640-1027-CA,https://nexuspj.poder-judicial.go.cr/document/sen-1-0034-580738
2013-06-28,90-2013,"Tribunal Contencioso Administrativo, Sección VI",11-001363-1027-CA,https://nexuspj.poder-judicial.go.cr/document/sen-1-0034-577989
2013-07-15,71-2013,"Tribunal Contencioso Administrativo, Sección V",11-001476-1027-CA,https://nexuspj.poder-judicial.go.cr/document/sen-1-0034-578223
2013-07-24,95-2013,"Tribunal Contencioso Administrativo, Sección VI",11-006148-1027-CA,https://nexuspj.poder-judicial.go.cr/document/sen-1-0034-606688
2013-07-24,46-2013,"Tribunal Contencioso Administrativo, Sección VII",12-002281-1027-CA,https://nexuspj.poder-judicial.go.cr/document/sen-1-0034-580753
2013-08-22,76-2013,"Tribunal Contencioso Administrativo, Sección IV",11-003253-1027-CA,https://nexuspj.poder-judicial.go.cr/document/sen-1-0034-585401
2013-08-29,55-2013,"Tribunal Contencioso Administrativo, Sección VII",12-001585-1027-CA,https://nexuspj.poder-judicial.go.cr/document/sen-1-0034-585460
2013-10-29,130-2013,"Tribunal Contencioso Administrativo, Sección VI",12-000351-1027-CA,https://nexuspj.poder-judicial.go.cr/document/sen-1-0034-589893
2013-11-12,106-2013,"Tribunal Contencioso Administrativo, Sección V",11-004399-1027-CA,https://nexuspj.poder-judicial.go.cr/document/sen-1-0034-589881
2013-11-12,135-2013,"Tribunal Contencioso Administrativo, Sección VI",12-005522-1027-CA,https://nexuspj.poder-judicial.go.cr/document/sen-1-0034-606692
2013-12-16,176-2013,"Tribunal Contencioso Administrativo, Sección I",00-000854-0163-CA,https://nexuspj.poder-judicial.go.cr/document/sen-1-0034-607491
2014-01-09,1-2014,"Tribunal Contencioso Administrativo, Sección V",12-002435-1027-CA,https://nexuspj.poder-judicial.go.cr/document/sen-1-0034-608662
2014-01-16,4-2014,"Tribunal Contencioso Administrativo, Sección VI",11-006667-1027-CA,https://nexuspj.poder-judicial.go.cr/document/sen-1-0034-601040
2014-01-27,11-2014,"Tribunal Contencioso Administrativo, Sección VI",11-006325-1027-CA,https://nexuspj.poder-judicial.go.cr/document/sen-1-0034-612850
2014-01-30,2-2014,"Tribunal Contencioso Administrativo, Sección II",07-100163-0389-CI,https://nexuspj.poder-judicial.go.cr/document/sen-1-0034-601135
2014-02-17,26-2014,"Tribunal Contencioso Administrativo, Sección VI",12-002085-1027-CA,https://nexuspj.poder-judicial.go.cr/document/sen-1-0034-604659
2014-02-24,14-2014,"Tribunal Contencioso Administrativo, Sección VIII",12-004497-1027-CA,https://nexuspj.poder-judicial.go.cr/document/sen-1-0034-603635
2014-02-27,91-2014,"Tribunal de Trabajo, Sección II",10-002150-1102-LA,https://nexuspj.poder-judicial.go.cr/document/sen-1-0034-615946
2014-02-27,92-2014,"Tribunal de Trabajo, Sección II",11-001959-1102-LA,https://nexuspj.poder-judicial.go.cr/document/sen-1-0034-615954
2014-03-20,22-2014,"Tribunal Contencioso Administrativo, Sección IV",12-005576-1027-CA,https://nexuspj.poder-judicial.go.cr/document/sen-1-0034-600322
2014-04-28,55-2014,"Tribunal Contencioso Administrativo, Sección VI",12-002575-1027-CA,https://nexuspj.poder-judicial.go.cr/document/sen-1-0034-607386
2014-05-15,32-2014,"Tribunal Contencioso Administrativo, Sección V",09-001218-1027-CA,https://nexuspj.poder-judicial.go.cr/document/sen-1-0034-610047
2014-05-20,33-2014,"Tribunal Contencioso Administrativo, Sección I",12-001966-1027-CA,https://nexuspj.poder-judicial.go.cr/document/sen-1-0034-639837
2014-05-27,36-2014,"Tribunal Contencioso Administrativo, Sección V",11-000318-1027-CA,https://nexuspj.poder-judicial.go.cr/document/sen-1-0034-616503
2014-05-30,78-2014,"Tribunal Contencioso Administrativo, Sección VI",13-002449-1027-CA,https://nexuspj.poder-judicial.go.cr/document/sen-1-0034-616119
2014-06-03,36-2014,"Tribunal Contencioso Administrativo, Sección I",12-006574-1027-CA,https://nexuspj.poder-judicial.go.cr/document/sen-1-0034-639828
2014-06-06,40-2014,"Tribunal Contencioso Administrativo, Sección V",13-002468-1027-CA,https://nexuspj.poder-judicial.go.cr/document/sen-1-0034-616832
2014-06-09,40-2014,"Tribunal Contencioso Administrativo, Sección I",13-001695-1027-CA,https://nexuspj.poder-judicial.go.cr/document/sen-1-0034-639830
2014-06-19,811-2014,Sala Primera,01-000471-0163-CA,https://nexuspj.poder-judicial.go.cr/document/sen-1-0034-608045
2014-06-30,44-2014,"Tribunal Contencioso Administrativo, Sección I",09-000684-1027-CA,https://nexuspj.poder-judicial.go.cr/document/sen-1-0034-639843
2014-06-30,100-2014,"Tribunal Contencioso Administrativo, Sección VI",08-000817-1027-CA,https://nexuspj.poder-judicial.go.cr/document/sen-1-0034-610140
2014-07-31,115-2014,"Tribunal Contencioso Administrativo, Sección VI",11-000817-0643-LA,https://nexuspj.poder-judicial.go.cr/document/sen-1-0034-614399
2014-08-01,69-2014,"Tribunal Contencioso Administrativo, Sección VII",11-006382-1027-CA,https://nexuspj.poder-judicial.go.cr/document/sen-1-0034-616164
2014-08-05,117-2014,"Tribunal Contencioso Administrativo, Sección VI",10-000250-0166-LA,https://nexuspj.poder-judicial.go.cr/document/sen-1-0034-616154
2014-08-13,58-2014,"Tribunal Contencioso Administrativo, Sección V",12-007036-1027-CA,https://nexuspj.poder-judicial.go.cr/document/sen-1-0034-614735
2014-08-26,60-2014,"Tribunal Contencioso Administrativo, Sección I",13-000012-1027-CA,https://nexuspj.poder-judicial.go.cr/document/sen-1-0034-640666
2014-09-08,63-2014,"Tribunal Contencioso Administrativo, Sección I",13-001033-1027-CA,https://nexuspj.poder-judicial.go.cr/document/sen-1-0034-640663
2014-10-09,1308-2014,Sala Primera,09-001089-1027-CA,https://nexuspj.poder-judicial.go.cr/document/sen-1-0034-620133
2014-11-12,182-2014,"Tribunal Contencioso Administrativo, Sección VI",12-007011-1027-CA,https://nexuspj.poder-judicial.go.cr/document/sen-1-0034-620997
2014-11-26,2292-2014,Tribunal de Apelación de Sentencia Penal del II Circuito Judicial de San José,08-014278-0042-PE,https://nexuspj.poder-judicial.go.cr/document/sen-1-0034-620404
2015-01-14,6-2015,"Tribunal Contencioso Administrativo, Sección VI",13-007880-1027-CA,https://nexuspj.poder-judicial.go.cr/document/sen-1-0034-624474
2015-01-15,7-2015,"Tribunal Contencioso Administrativo, Sección VI",13-002274-1027-CA,https://nexuspj.poder-judicial.go.cr/document/sen-1-0034-624475
2015-01-28,12-2015,"Tribunal Contencioso Administrativo, Sección VI",13-005573-1027-CA,https://nexuspj.poder-judicial.go.cr/document/sen-1-0034-624884
2015-03-20,22-2015,"Tribunal Contencioso Administrativo, Sección I",12-003190-1027-CA,https://nexuspj.poder-judicial.go.cr/document/sen-1-0034-640836
2015-03-23,21-2015,"Tribunal Contencioso Administrativo, Sección IV",13-001799-1027-CA,https://nexuspj.poder-judicial.go.cr/document/sen-1-0034-639685
2015-03-27,27-2015,"Tribunal Contencioso Administrativo, Sección II",07-001443-0163-CA,https://nexuspj.poder-judicial.go.cr/document/sen-1-0034-632365
2015-04-23,43-2015,"Tribunal Contencioso Administrativo, Sección V",13-003976-1027-CA,https://nexuspj.poder-judicial.go.cr/document/sen-1-0034-632097
2015-05-27,54-2015,"Tribunal Contencioso Administrativo, Sección VII",14-001704-1027-CA,https://nexuspj.poder-judicial.go.cr/document/sen-1-0034-641048
2015-06-11,58-2015,"Tribunal Contencioso Administrativo, Sección IV",12-000552-1027-CA,https://nexuspj.poder-judicial.go.cr/document/sen-1-0034-641932
2015-06-29,107-2015,"Tribunal Contencioso Administrativo, Sección VI",14-009375-1027-CA,https://nexuspj.poder-judicial.go.cr/document/sen-1-0034-643336
2015-07-27,77-2015,"Tribunal Contencioso Administrativo, Sección V",11-003405-1027-CA,https://nexuspj.poder-judicial.go.cr/document/sen-1-0034-644714
2015-08-04,893-2015,Sala Primera,12-002663-1027-CA,https://nexuspj.poder-judicial.go.cr/document/sen-1-0034-646380
2015-08-25,86-2015,"Tribunal Contencioso Administrativo, Sección V",13-003744-1027-CA,https://nexuspj.poder-judicial.go.cr/document/sen-1-0034-646809
2015-09-02,87-2015,"Tribunal Contencioso Administrativo, Sección I",12-005687-1027-CA,https://nexuspj.poder-judicial.go.cr/document/sen-1-0034-649843
2015-09-22,94-2015,"Tribunal Contencioso Administrativo, Sección V",13-003706-1027-CA,https://nexuspj.poder-judicial.go.cr/document/sen-1-0034-648891
2015-09-25,158-2015,"Tribunal Contencioso Administrativo, Sección VI",13-006890-1027-CA,https://nexuspj.poder-judicial.go.cr/document/sen-1-0034-649863
2015-09-30,102-2015,"Tribunal Contencioso Administrativo, Sección V",12-006151-1027-CA,https://nexuspj.poder-judicial.go.cr/document/sen-1-0034-649860
2015-10-08,95-2015,"Tribunal Contencioso Administrativo, Sección VIII",12-002635-1027-CA,https://nexuspj.poder-judicial.go.cr/document/sen-1-0034-649167
2015-10-20,96-2015,"Tribunal Contencioso Administrativo, Sección VIII",12-002702-1027-CA,https://nexuspj.poder-judicial.go.cr/document/sen-1-0034-649906
2015-10-21,1414-2015,Tribunal de Apelación de Sentencia Penal del II Circuito Judicial de San José,03-200784-0485-PE,https://nexuspj.poder-judicial.go.cr/document/sen-1-0034-650785
2015-10-29,184-2015,"Tribunal Contencioso Administrativo, Sección VI",14-007828-1027-CA,https://nexuspj.poder-judicial.go.cr/document/sen-1-0034-651084
2015-10-30,113-2015,"Tribunal Contencioso Administrativo, Sección V",13-004715-1027-CA,https://nexuspj.poder-judicial.go.cr/document/sen-1-0034-651078
2015-11-13,107-2015,"Tribunal Contencioso Administrativo, Sección VIII",14-005683-1027-CA,https://nexuspj.poder-judicial.go.cr/document/sen-1-0034-653461
2015-12-03,114-2015,"Tribunal Contencioso Administrativo, Sección VIII",13-005202-1027-CA,https://nexuspj.poder-judicial.go.cr/document/sen-1-0034-654444
2015-12-09,124-2015,"Tribunal Contencioso Administrativo, Sección IV",13-008877-1027-CA,https://nexuspj.poder-judicial.go.cr/document/sen-1-0034-658971
2015-12-10,130-2015,"Tribunal Contencioso Administrativo, Sección VII",12-006292-1027-CA,https://nexuspj.poder-judicial.go.cr/document/sen-1-0034-660749
2015-12-15,210-2015,"Tribunal Contencioso Administrativo, Sección VI",13-006667-1027-CA,https://nexuspj.poder-judicial.go.cr/document/sen-1-0034-655231
2015-12-18,215-2015,"Tribunal Contencioso Administrativo, Sección VI",14-002959-1027-CA,https://nexuspj.poder-judicial.go.cr/document/sen-1-0034-655235
2016-02-16,26-2016,"Tribunal Contencioso Administrativo, Sección VI",12-006846-1027-CA,https://nexuspj.poder-judicial.go.cr/document/sen-1-0034-944294
2016-02-19,20-2016,"Tribunal Contencioso Administrativo, Sección IV",14-004568-1027-CA,https://nexuspj.poder-judicial.go.cr/document/sen-1-0034-659147
2016-03-03,182-2016,Sala Primera,15-000031-0004-CA,https://nexuspj.poder-judicial.go.cr/document/sen-1-0034-661633
2016-03-16,31-2016,"Tribunal Contencioso Administrativo, Sección VIII",14-008861-1027-CA,https://nexuspj.poder-judicial.go.cr/document/sen-1-0034-660792
2016-04-19,41-2016,"Tribunal Contencioso Administrativo, Sección V",11-007130-1027-CA,https://nexuspj.poder-judicial.go.cr/document/sen-1-0034-664284
2016-04-19,42-2016,"Tribunal Contencioso Administrativo, Sección VIII",14-008453-1027-CA,https://nexuspj.poder-judicial.go.cr/document/sen-1-0034-664152
2016-06-27,59-2016,"Tribunal Contencioso Administrativo, Sección IV",13-007114-1027-CA,https://nexuspj.poder-judicial.go.cr/document/sen-1-0034-668412
2016-06-29,66-2016,"Tribunal Contencioso Administrativo, Sección V",11-004917-1027-CA,https://nexuspj.poder-judicial.go.cr/document/sen-1-0034-668414
2016-06-29,99-2016,"Tribunal Contencioso Administrativo, Sección VI",12-000771-0679-LA,https://nexuspj.poder-judicial.go.cr/document/sen-1-0034-668419
2016-07-22,109-2016,"Tribunal Contencioso Administrativo, Sección VI",15-001502-1027-CA,https://nexuspj.poder-judicial.go.cr/document/sen-1-0034-675202
2016-07-29,112-2016,"Tribunal Contencioso Administrativo, Sección VI",15-000060-1028-CA,https://nexuspj.poder-judicial.go.cr/document/sen-1-0034-671624
2016-08-22,74-2016,"Tribunal Contencioso Administrativo, Sección IV",10-000306-1028-CA,https://nexuspj.poder-judicial.go.cr/document/sen-1-0034-674586
2016-08-30,92-2016,"Tribunal Contencioso Administrativo, Sección V",13-002775-1027-CA,https://nexuspj.poder-judicial.go.cr/document/sen-1-0034-682713
2016-08-31,132-2016,"Tribunal Contencioso Administrativo, Sección VI",11-007386-1027-CA,https://nexuspj.poder-judicial.go.cr/document/sen-1-0034-675316
2016-09-08,921-2016,Sala Primera,11-000142-0295-CI,https://nexuspj.poder-judicial.go.cr/document/sen-1-0034-681228
2016-09-16,82-2016,"Tribunal Contencioso Administrativo, Sección IV",12-001707-1027-CA,https://nexuspj.poder-judicial.go.cr/document/sen-1-0034-679417
2016-09-23,140-2016,"Tribunal Contencioso Administrativo, Sección VI",14-008215-1027-CA,https://nexuspj.poder-judicial.go.cr/document/sen-1-0034-679421
2016-09-26,84-2016,"Tribunal Contencioso Administrativo, Sección IV",15-000525-1027-CA,https://nexuspj.poder-judicial.go.cr/document/sen-1-0034-679419
2016-09-30,102-2016,"Tribunal Contencioso Administrativo, Sección VIII",14-001091-1027-CA,https://nexuspj.poder-judicial.go.cr/document/sen-1-0034-679423
2016-10-12,105-2016,"Tribunal Contencioso Administrativo, Sección VIII",15-000365-1027-CA,https://nexuspj.poder-judicial.go.cr/document/sen-1-0034-680165
2016-10-14,148-2016,"Tribunal Contencioso Administrativo, Sección VI",15-003996-1027-CA,https://nexuspj.poder-judicial.go.cr/document/sen-1-0034-683859
2016-12-02,1245-2016,Sala Primera,12-003061-1027-CA,https://nexuspj.poder-judicial.go.cr/document/sen-1-0034-695253
2017-01-19,4-2017,"Tribunal Contencioso Administrativo, Sección VII",14-007169-1027-CA,https://nexuspj.poder-judicial.go.cr/document/sen-1-0034-693562
2017-01-30,6-2017,"Tribunal Contencioso Administrativo, Sección V",11-003730-1027-CA,https://nexuspj.poder-judicial.go.cr/document/sen-1-0034-693446
2017-02-07,14-2017,"Tribunal Contencioso Administrativo, Sección III",13-008789-1027-CA,https://nexuspj.poder-judicial.go.cr/document/sen-1-0034-702185
2017-03-07,29-2017,"Tribunal Contencioso Administrativo, Sección VI",16-001982-1027-CA,https://nexuspj.poder-judicial.go.cr/document/sen-1-0034-704788
2017-03-22,37-2017,"Tribunal Contencioso Administrativo, Sección VI",14-010707-1027-CA,https://nexuspj.poder-judicial.go.cr/document/sen-1-0034-704791
2017-04-25,50-2017,"Tribunal Contencioso Administrativo, Sección VI",14-001562-1027-CA,https://nexuspj.poder-judicial.go.cr/document/sen-1-0034-738816
2017-05-04,451-2017,Sala Primera,11-005772-1027-CA,https://nexuspj.poder-judicial.go.cr/document/sen-1-0034-715582
2017-05-08,256-2017,"Tribunal Segundo Civil, Sección Extraordinaria",10-100165-0642-CI,https://nexuspj.poder-judicial.go.cr/document/sen-1-0034-710972
2017-05-11,60-2017,"Tribunal Contencioso Administrativo, Sección VI",15-002506-1027-CA,https://nexuspj.poder-judicial.go.cr/document/sen-1-0034-712971
2017-11-13,118-2017,"Tribunal Contencioso Administrativo, Sección V",14-010258-1027-CA,https://nexuspj.poder-judicial.go.cr/document/sen-1-0034-730985
2017-11-30,148-2017,"Tribunal Contencioso Administrativo, Sección VI",13-005818-1027-CA,https://nexuspj.poder-judicial.go.cr/document/sen-1-0034-730996
2018-03-08,196-2018,Sala Primera,11-001242-1028-CA,https://nexuspj.poder-judicial.go.cr/document/sen-1-0034-857209
2018-03-21,26-2018,"Tribunal Contencioso Administrativo, Sección V",14-009632-1027-CA,https://nexuspj.poder-judicial.go.cr/document/sen-1-0034-748354
2018-06-29,79-2018,"Tribunal Contencioso Administrativo, Sección VI",11-002735-1027-CA,https://nexuspj.poder-judicial.go.cr/document/sen-1-0034-852381
2018-07-23,1224-2018,Tribunal Contencioso Administrativo,18-001566-1027-CA,https://nexuspj.poder-judicial.go.cr/document/sen-1-0034-859915
2018-10-24,128-2018,"Tribunal Contencioso Administrativo, Sección VI",15-010321-1027-CA,https://nexuspj.poder-judicial.go.cr/document/sen-1-0034-861760
2019-02-22,22-2019,"Tribunal Contencioso Administrativo, Sección VI",17-004486-1027-CA,https://nexuspj.poder-judicial.go.cr/document/sen-1-0034-910825
2019-04-10,308-2019,Sala Primera,13-002997-1027-CA,https://nexuspj.poder-judicial.go.cr/document/sen-1-0004-935864
2019-04-30,48-2019,"Tribunal Contencioso Administrativo, Sección VI",17-006557-1027-CA,https://nexuspj.poder-judicial.go.cr/document/sen-1-0034-916540
2019-05-13,52-2019,"Tribunal Contencioso Administrativo, Sección VI",12-002956-1027-CA,https://nexuspj.poder-judicial.go.cr/document/sen-1-0034-930283
2019-05-27,60-2019,"Tribunal Contencioso Administrativo, Sección VI",14-006906-1027-CA,https://nexuspj.poder-judicial.go.cr/document/sen-1-0034-930286
2019-07-12,82-2019,"Tribunal Contencioso Administrativo, Sección VI",17-005338-1027-CA,https://nexuspj.poder-judicial.go.cr/document/sen-1-0034-930302
2019-07-19,58-2019,"Tribunal Contencioso Administrativo, Sección IV",14-010363-1027-CA,https://nexuspj.poder-judicial.go.cr/document/sen-1-0034-931090
2019-07-24,60-2019,"Tribunal Contencioso Administrativo, Sección V",16-004452-1027-CA,https://nexuspj.poder-judicial.go.cr/document/sen-1-0034-930280
2019-08-21,69-2019,"Tribunal Contencioso Administrativo, Sección IV",16-007347-1027-CA,https://nexuspj.poder-judicial.go.cr/document/sen-1-0034-933891
2019-09-06,88-2019,"Tribunal Contencioso Administrativo, Sección VII",17-005838-1027-CA,https://nexuspj.poder-judicial.go.cr/document/sen-1-0034-944777
2019-09-20,114-2019,"Tribunal Contencioso Administrativo, Sección VI",13-008905-1027-CA,https://nexuspj.poder-judicial.go.cr/document/sen-1-0034-944755
2019-09-24,96-2019,"Tribunal Contencioso Administrativo, Sección VII",16-009887-1027-CA,https://nexuspj.poder-judicial.go.cr/document/sen-1-0034-944780
2019-10-25,135-2019,"Tribunal Contencioso Administrativo, Sección VI",17-008930-1027-CA,https://nexuspj.poder-judicial.go.cr/document/sen-1-0034-944772
2019-10-31,137-2019,"Tribunal Contencioso Administrativo, Sección VI",17-003019-1027-CA,https://nexuspj.poder-judicial.go.cr/document/sen-1-0034-944773
2019-11-01,141-2019,"Tribunal Contencioso Administrativo, Sección VI",17-004317-1027-CA,https://nexuspj.poder-judicial.go.cr/document/sen-1-0034-944775
2019-11-21,149-2019,"Tribunal Contencioso Administrativo, Sección VI",17-004543-1027-CA,https://nexuspj.poder-judicial.go.cr/document/sen-1-0034-950310
2019-11-25,97-2019,"Tribunal Contencioso Administrativo, Sección V",17-008260-1027-CA,https://nexuspj.poder-judicial.go.cr/document/sen-1-0034-950245
2020-01-21,5-2020,"Tribunal Contencioso Administrativo, Sección VI",17-011404-1027-CA,https://nexuspj.poder-judicial.go.cr/document/sen-1-0034-963148
2020-01-24,6-2020,"Tribunal Contencioso Administrativo, Sección VI",16-004112-1027-CA,https://nexuspj.poder-judicial.go.cr/document/sen-1-0034-963149
2020-01-24,5-2020,"Tribunal Contencioso Administrativo, Sección VII",17-011504-1027-CA,https://nexuspj.poder-judicial.go.cr/document/sen-1-0034-963160
2020-01-28,4-2020,"Tribunal Contencioso Administrativo, Sección V",17-004440-1027-CA,https://nexuspj.poder-judicial.go.cr/document/sen-1-0034-963138
2020-02-28,22-2020,Tribunal Contencioso Administrativo,12-004558-1027-CA,https://nexuspj.poder-judicial.go.cr/document/sen-1-0034-966227
2020-03-16,19-2020,Tribunal Contencioso Administrativo,13-003114-1027-CA,https://nexuspj.poder-judicial.go.cr/document/sen-1-0034-966374
2020-03-30,41-2020,"Tribunal Contencioso Administrativo, Sección VI",12-003905-1027-CA,https://nexuspj.poder-judicial.go.cr/document/sen-1-0034-968513
2020-03-30,42-2020,"Tribunal Contencioso Administrativo, Sección VI",15-004090-1027-CA,https://nexuspj.poder-judicial.go.cr/document/sen-1-0034-970312
2020-04-02,1276-2020,Sala Primera,18-000617-1027-CA,https://nexuspj.poder-judicial.go.cr/document/sen-1-0004-973582
2020-04-29,54-2020,"Tribunal Contencioso Administrativo, Sección VI",18-000083-1027-CA,https://nexuspj.poder-judicial.go.cr/document/sen-1-0034-971570
2020-05-26,62-2020,"Tribunal Contencioso Administrativo, Sección VI",17-000197-1027-CA,https://nexuspj.poder-judicial.go.cr/document/sen-1-0034-978933
2020-05-26,63-2020,"Tribunal Contencioso Administrativo, Sección VI",17-008524-1027-CA,https://nexuspj.poder-judicial.go.cr/document/sen-1-0034-978934
2020-06-30,83-2020,"Tribunal Contencioso Administrativo, Sección VI",18-004397-1027-CA,https://nexuspj.poder-judicial.go.cr/document/sen-1-0034-982265
2020-07-30,57-2020,"Tribunal Contencioso Administrativo, Sección V",14-000098-1028-CA,https://nexuspj.poder-judicial.go.cr/document/sen-1-0034-987284
2020-08-06,88-2020,"Tribunal Contencioso Administrativo, Sección VII",18-010058-1027-CA,https://nexuspj.poder-judicial.go.cr/document/sen-1-0034-989269
2020-08-13,2201-2020,Sala Primera,13-004849-1027-CA,https://nexuspj.poder-judicial.go.cr/document/sen-1-0004-997467
2020-08-19,91-2020,"Tribunal Contencioso Administrativo, Sección IV",18-007179-1027-CA,https://nexuspj.poder-judicial.go.cr/document/sen-1-0034-990111
2020-09-11,82-2020,"Tribunal Contencioso Administrativo, Sección II",16-002920-1027-CA,https://nexuspj.poder-judicial.go.cr/document/sen-1-0034-993528
2020-09-28,122-2020,"Tribunal Contencioso Administrativo, Sección VI",18-000179-1028-CA,https://nexuspj.poder-judicial.go.cr/document/sen-1-0034-996726
2020-09-28,124-2020,"Tribunal Contencioso Administrativo, Sección VI",18-009231-1027-CA,https://nexuspj.poder-judicial.go.cr/document/sen-1-0034-996728
2020-10-30,130-2020,"Tribunal Contencioso Administrativo, Sección I",16-002736-1027-CA,https://nexuspj.poder-judicial.go.cr/document/sen-1-0034-1002047
2020-11-24,153-2020,"Tribunal Contencioso Administrativo, Sección VI",19-004746-1027-CA,https://nexuspj.poder-judicial.go.cr/document/sen-1-0034-1012524
2021-01-05,1-2021,"Tribunal Contencioso Administrativo, Sección V",14-009632-1027-CA,https://nexuspj.poder-judicial.go.cr/document/sen-1-0034-1012755
2021-01-28,170-2021,Sala Primera,14-010363-1027-CA,https://nexuspj.poder-judicial.go.cr/document/sen-1-0004-1018736
2021-02-25,20-2021,"Tribunal Contencioso Administrativo, Sección VI",19-003995-1027-CA,https://nexuspj.poder-judicial.go.cr/document/sen-1-0034-1025963
2021-04-09,41-2021,"Tribunal Contencioso Administrativo, Sección VI",19-004693-1027-CA,https://nexuspj.poder-judicial.go.cr/document/sen-1-0034-1026771
2021-04-20,47-2021,"Tribunal Contencioso Administrativo, Sección VI",19-007695-1027-CA,https://nexuspj.poder-judicial.go.cr/document/sen-1-0034-1032062
2021-04-30,54-2021,"Tribunal Contencioso Administrativo, Sección VI",18-006052-1027-CA,https://nexuspj.poder-judicial.go.cr/document/sen-1-0034-1032068
2021-05-17,44-2021,"Tribunal Contencioso Administrativo, Sección I",14-007714-1027-CA,https://nexuspj.poder-judicial.go.cr/document/sen-1-0034-1031968
2021-05-27,45-2021,"Tribunal Contencioso Administrativo, Sección V",11-006217-1027-CA,https://nexuspj.poder-judicial.go.cr/document/sen-1-0034-1032057
2021-05-31,67-2021,"Tribunal Contencioso Administrativo, Sección IV",18-004156-1027-CA,https://nexuspj.poder-judicial.go.cr/document/sen-1-0034-1032302
2021-06-18,73-2021,"Tribunal Contencioso Administrativo, Sección IV",19-001275-1027-CA,https://nexuspj.poder-judicial.go.cr/document/sen-1-0034-1043098
2021-06-30,85-2021,"Tribunal Contencioso Administrativo, Sección VI",19-006169-1027-CA,https://nexuspj.poder-judicial.go.cr/document/sen-1-0034-1042812
2021-06-30,88-2021,"Tribunal Contencioso Administrativo, Sección VI",16-009230-1027-CA,https://nexuspj.poder-judicial.go.cr/document/sen-1-0034-1042815
2021-07-15,80-2021,"Tribunal Contencioso Administrativo, Sección IV",15-005166-1027-CA,https://nexuspj.poder-judicial.go.cr/document/sen-1-0034-1043100
2021-08-19,108-2021,"Tribunal Contencioso Administrativo, Sección VI",20-003772-1027-CA,https://nexuspj.poder-judicial.go.cr/document/sen-1-0034-1050671
2021-08-24,74-2021,"Tribunal Contencioso Administrativo, Sección VII",17-002240-1027-CA,https://nexuspj.poder-judicial.go.cr/document/sen-1-0034-1050680
2021-09-17,84-2021,"Tribunal Contencioso Administrativo, Sección VII",19-004101-1027-CA,https://nexuspj.poder-judicial.go.cr/document/sen-1-0034-1059916
2021-09-27,127-2021,"Tribunal Contencioso Administrativo, Sección VI",19-003898-1027-CA,https://nexuspj.poder-judicial.go.cr/document/sen-1-0034-1059900
2021-10-07,27-2021,"Tribunal Contencioso Administrativo, Sección IX",15-010641-1027-CA,https://nexuspj.poder-judicial.go.cr/document/sen-1-0034-1059937
2021-10-13,135-2021,"Tribunal Contencioso Administrativo, Sección VI",19-007456-1027-CA,https://nexuspj.poder-judicial.go.cr/document/sen-1-0034-1059905
2021-10-27,103-2021,"Tribunal Contencioso Administrativo, Sección V",16-011338-1027-CA,https://nexuspj.poder-judicial.go.cr/document/sen-1-0034-1059892
2021-10-27,140-2021,"Tribunal Contencioso Administrativo, Sección VI",17-000029-1028-CA,https://nexuspj.poder-judicial.go.cr/document/sen-1-0034-1059908
2021-10-27,96-2021,"Tribunal Contencioso Administrativo, Sección VII",17-000500-1027-CA,https://nexuspj.poder-judicial.go.cr/document/sen-1-0034-1059928
2021-12-06,116-2021,"Tribunal Contencioso Administrativo, Sección V",19-003565-1027-CA,https://nexuspj.poder-judicial.go.cr/document/sen-1-0034-1064113
2022-01-13,61-2022,Tribunal de Apelación de Sentencia Penal del II Circuito Judicial de San José,14-002498-0061-PE,https://nexuspj.poder-judicial.go.cr/document/sen-1-0034-1070429
2022-01-24,4-2022,"Tribunal Contencioso Administrativo, Sección V",17-002112-1027-CA,https://nexuspj.poder-judicial.go.cr/document/sen-1-0034-1072278
2022-01-25,7-2022,"Tribunal Contencioso Administrativo, Sección VI",20-000356-1028-CA,https://nexuspj.poder-judicial.go.cr/document/sen-1-0034-1072288
2022-01-27,10-2022,"Tribunal Contencioso Administrativo, Sección I",18-001185-1027-CA,https://nexuspj.poder-judicial.go.cr/document/sen-1-0034-1072168
2022-01-31,7-2022,"Tribunal Contencioso Administrativo, Sección VII",21-000213-1028-CA,https://nexuspj.poder-judicial.go.cr/document/sen-1-0034-1072297
2022-02-01,5-2022,"Tribunal Contencioso Administrativo, Sección IX",10-001072-1027-CA,https://nexuspj.poder-judicial.go.cr/document/sen-1-0034-1072306
2022-02-15,14-2022,"Tribunal Contencioso Administrativo, Sección VI",21-000751-1027-CA,https://nexuspj.poder-judicial.go.cr/document/sen-1-0034-1108838
2022-02-23,19-2022,"Tribunal Contencioso Administrativo, Sección IV",19-000933-1028-CA,https://nexuspj.poder-judicial.go.cr/document/sen-1-0034-1127622
2022-03-23,29-2022,"Tribunal Contencioso Administrativo, Sección I",19-006027-1027-CA,https://nexuspj.poder-judicial.go.cr/document/sen-1-0034-1128293
2022-04-18,37-2022,"Tribunal Contencioso Administrativo, Sección IV",10-002627-1027-CA,https://nexuspj.poder-judicial.go.cr/document/sen-1-0034-1106428
2022-04-22,41-2022,"Tribunal Contencioso Administrativo, Sección IV",11-007406-1027-CA,https://nexuspj.poder-judicial.go.cr/document/sen-1-0034-1093560
2022-04-25,38-2022,"Tribunal Contencioso Administrativo, Sección I",21-001123-1028-CA,https://nexuspj.poder-judicial.go.cr/document/sen-1-0034-1093480
2022-04-25,43-2022,"Tribunal Contencioso Administrativo, Sección IV",20-003947-1027-CA,https://nexuspj.poder-judicial.go.cr/document/sen-1-0034-1093562
2022-04-29,104-2022,Tribunal de Casación Contencioso Administrativo y Civil de Hacienda,16-009286-1027-CA,https://nexuspj.poder-judicial.go.cr/document/sen-1-1011-1102006
2022-05-24,49-2022,"Tribunal Contencioso Administrativo, Sección VII",18-000346-1027-CA,https://nexuspj.poder-judicial.go.cr/document/sen-1-0034-1093594
2022-05-30,49-2022,"Tribunal Contencioso Administrativo, Sección VI",19-000704-1027-CA,https://nexuspj.poder-judicial.go.cr/document/sen-1-0034-1093580
2022-05-30,52-2022,"Tribunal Contencioso Administrativo, Sección VII",20-005462-1027-CA,https://nexuspj.poder-judicial.go.cr/document/sen-1-0034-1093596
2022-06-09,54-2022,"Tribunal Contencioso Administrativo, Sección VII",17-000267-1028-CA,https://nexuspj.poder-judicial.go.cr/document/sen-1-0034-1132876
2022-07-06,64-2022,"Tribunal Contencioso Administrativo, Sección VII",19-002076-1027-CA,https://nexuspj.poder-judicial.go.cr/document/sen-1-0034-1118605
2022-07-27,2050-2022,Sala Segunda,20-000921-0641-LA,https://nexuspj.poder-judicial.go.cr/document/sen-1-0005-1105916
2022-07-27,1070-2022,Tribunal de Apelación de Sentencia Penal del II Circuito Judicial de San José,12-000024-0033-PE,https://nexuspj.poder-judicial.go.cr/document/sen-1-0034-1105315
2022-08-18,1399-2022,Sala Primera,17-006023-1027-CA,https://nexuspj.poder-judicial.go.cr/document/sen-1-0004-1107457
2022-08-26,83-2022,"Tribunal Contencioso Administrativo, Sección IV",16-011853-1027-CA,https://nexuspj.poder-judicial.go.cr/document/sen-1-0034-1136167
2022-08-29,80-2022,"Tribunal Contencioso Administrativo, Sección VI",17-006036-1027-CA,https://nexuspj.poder-judicial.go.cr/document/sen-1-0034-1136176
2022-08-29,81-2022,"Tribunal Contencioso Administrativo, Sección VI",20-004922-1027-CA,https://nexuspj.poder-judicial.go.cr/document/sen-1-0034-1136177
2022-12-19,117-2022,"Tribunal Contencioso Administrativo, Sección VI",18-000914-1028-CA,https://nexuspj.poder-judicial.go.cr/document/sen-1-0034-1166718
2022-12-20,130-2022,"Tribunal Contencioso Administrativo, Sección I",19-004932-1027-CA,https://nexuspj.poder-judicial.go.cr/document/sen-1-0034-1166691
2023-01-27,8-2023,"Tribunal Contencioso Administrativo, Sección I",20-000038-1027-CA,https://nexuspj.poder-judicial.go.cr/document/sen-1-0034-1155213
2023-01-30,4-2023,"Tribunal Contencioso Administrativo, Sección VI",16-002987-1027-CA,https://nexuspj.poder-judicial.go.cr/document/sen-1-0034-1155274
2023-03-06,16-2023,"Tribunal Contencioso Administrativo, Sección V",19-003550-1027-CA,https://nexuspj.poder-judicial.go.cr/document/sen-1-0034-1168837
2023-03-30,25-2023,"Tribunal Contencioso Administrativo, Sección VIII",20-003997-1027-CA,https://nexuspj.poder-judicial.go.cr/document/sen-1-0034-1154578
2023-03-31,28-2023,"Tribunal Contencioso Administrativo, Sección I",20-000910-1028-CA,https://nexuspj.poder-judicial.go.cr/document/sen-1-0034-1153482
2023-04-14,30-2023,"Tribunal Contencioso Administrativo, Sección I",20-004280-1027-CA,https://nexuspj.poder-judicial.go.cr/document/sen-1-0034-1153483
2023-04-28,29-2023,"Tribunal Contencioso Administrativo, Sección VI",22-003985-1027-CA,https://nexuspj.poder-judicial.go.cr/document/sen-1-0034-1153574
2023-05-19,41-2023,Tribunal Contencioso Administrativo,21-002018-1027-CA,https://nexuspj.poder-judicial.go.cr/document/sen-1-0034-1163087
2023-05-29,767-2023,Sala Primera,16-000451-1028-CA,https://nexuspj.poder-judicial.go.cr/document/sen-1-0004-1158613
2023-05-31,457-2023,Tribunal Contencioso Administrativo,17-007786-1027-CA,https://nexuspj.poder-judicial.go.cr/document/sen-1-0034-1163276
2023-06-13,45-2023,"Tribunal Contencioso Administrativo, Sección VI",19-004794-1027-CA,https://nexuspj.poder-judicial.go.cr/document/sen-1-0034-1163223
2023-06-14,878-2023,Sala Primera,17-011907-1027-CA,https://nexuspj.poder-judicial.go.cr/document/sen-1-0004-1163983
2023-06-16,500-2023,Tribunal Contencioso Administrativo,11-003296-1027-CA,https://nexuspj.poder-judicial.go.cr/document/sen-1-0034-1168348
2023-07-21,42-2023,"Tribunal Contencioso Administrativo, Sección VII",18-008496-1027-CA,https://nexuspj.poder-judicial.go.cr/document/sen-1-0034-1185211
2023-07-21,43-2023,"Tribunal Contencioso Administrativo, Sección VII",19-003447-1027-CA,https://nexuspj.poder-judicial.go.cr/document/sen-1-0034-1185212
2023-07-27,1306-2023,Sala Primera,19-001898-1027-CA,https://nexuspj.poder-judicial.go.cr/document/sen-1-0004-1173957
2023-08-22,2420-2023,Tribunal Contencioso Administrativo,17-008723-1027-CA,https://nexuspj.poder-judicial.go.cr/document/sen-1-0034-1185977
2023-08-30,2728-2023,Tribunal Contencioso Administrativo,19-003112-1027-CA,https://nexuspj.poder-judicial.go.cr/document/sen-1-0034-1186635
2023-08-30,2733-2023,Tribunal Contencioso Administrativo,20-004042-1027-CA,https://nexuspj.poder-judicial.go.cr/document/sen-1-0034-1186638
2023-09-05,2932-2023,Tribunal Contencioso Administrativo,21-000941-1027-CA,https://nexuspj.poder-judicial.go.cr/document/sen-1-0034-1187438
2023-09-21,3616-2023,"Tribunal Contencioso Administrativo, Sección IV",21-002860-1027-CA,https://nexuspj.poder-judicial.go.cr/document/sen-1-0034-1188073
2023-09-28,3908-2023,Tribunal Contencioso Administrativo,20-001192-1027-CA,https://nexuspj.poder-judicial.go.cr/document/sen-1-0034-1188150
2023-10-19,1794-2023,Sala Primera,19-005758-1027-CA,https://nexuspj.poder-judicial.go.cr/document/sen-1-0004-1192979
2023-10-19,4514-2023,Tribunal Contencioso Administrativo,20-004476-1027-CA,https://nexuspj.poder-judicial.go.cr/document/sen-1-0034-1195909
2023-10-24,4663-2023,Tribunal Contencioso Administrativo,20-004191-1027-CA,https://nexuspj.poder-judicial.go.cr/document/sen-1-0034-1196015
2023-10-30,4918-2023,Tribunal Contencioso Administrativo,20-001763-1027-CA,https://nexuspj.poder-judicial.go.cr/document/sen-1-0034-1196214
2023-11-01,5081-2023,Tribunal Contencioso Administrativo,20-001539-0166-LA,https://nexuspj.poder-judicial.go.cr/document/sen-1-0034-1196262
2023-11-17,5537-2023,Tribunal Contencioso Administrativo,22-001953-1028-CA,https://nexuspj.poder-judicial.go.cr/document/sen-1-0034-1205542
2023-11-21,5643-2023,Tribunal Contencioso Administrativo,21-000426-1027-CA,https://nexuspj.poder-judicial.go.cr/document/sen-1-0034-1203799
2023-12-04,6144-2023,Tribunal Contencioso Administrativo,16-004844-1027-CA,https://nexuspj.poder-judicial.go.cr/document/sen-1-0034-1203930
2023-12-06,6240-2023,Tribunal Contencioso Administrativo,20-001643-1027-CA,https://nexuspj.poder-judicial.go.cr/document/sen-1-0034-1204030
2023-12-12,6413-2023,Tribunal Contencioso Administrativo,22-006118-1027-CA,https://nexuspj.poder-judicial.go.cr/document/sen-1-0034-1205736
2023-12-15,6487-2023,Tribunal Contencioso Administrativo,15-001501-1027-CA,https://nexuspj.poder-judicial.go.cr/document/sen-1-0034-1205770
2023-12-18,6525-2023,Tribunal Contencioso Administrativo,19-003540-1027-CA,https://nexuspj.poder-judicial.go.cr/document/sen-1-0034-1205806
2023-12-21,2436-2023,Sala Primera,19-004471-1027-CA,https://nexuspj.poder-judicial.go.cr/document/sen-1-0004-1206924
2024-01-31,604-2024,Tribunal Contencioso Administrativo,20-000383-1027-CA,https://nexuspj.poder-judicial.go.cr/document/sen-1-0034-1214263
2024-02-08,763-2024,"Tribunal Contencioso Administrativo, Sección III",20-005558-1027-CA,https://nexuspj.poder-judicial.go.cr/document/sen-1-0034-1214448
2024-02-10,802-2024,Tribunal Contencioso Administrativo,22-001684-1027-CA,https://nexuspj.poder-judicial.go.cr/document/sen-1-0034-1214485
2024-02-14,879-2024,Tribunal Contencioso Administrativo,21-003738-1027-CA,https://nexuspj.poder-judicial.go.cr/document/sen-1-0034-1214592
2024-02-21,1048-2024,Tribunal Contencioso Administrativo,21-005914-1027-CA,https://nexuspj.poder-judicial.go.cr/document/sen-1-0034-1223000
2024-03-04,1345-2024,"Tribunal Contencioso Administrativo, Sección IV",21-000900-1027-CA,https://nexuspj.poder-judicial.go.cr/document/sen-1-0034-1223148
2024-03-11,1497-2024,Tribunal Contencioso Administrativo,20-004446-1027-CA,https://nexuspj.poder-judicial.go.cr/document/sen-1-0034-1223242
2024-03-12,1525-2024,"Tribunal Contencioso Administrativo, Sección IV",22-002269-1027-CA,https://nexuspj.poder-judicial.go.cr/document/sen-1-0034-1223263
2024-03-13,1567-2024,"Tribunal Contencioso Administrativo, Sección III",21-005365-1027-CA,https://nexuspj.poder-judicial.go.cr/document/sen-1-0034-1223295
2024-03-18,1657-2024,Tribunal Contencioso Administrativo,12-006382-1027-CA,https://nexuspj.poder-judicial.go.cr/document/sen-1-0034-1223351
2024-03-19,1688-2024,Tribunal Contencioso Administrativo,16-004055-1027-CA,https://nexuspj.poder-judicial.go.cr/document/sen-1-0034-1223380
2024-03-20,1726-2024,Tribunal Contencioso Administrativo,22-002083-1027-CA,https://nexuspj.poder-judicial.go.cr/document/sen-1-0034-1223410
2024-03-20,1743-2024,Tribunal Contencioso Administrativo,19-006814-1027-CA,https://nexuspj.poder-judicial.go.cr/document/sen-1-0034-1223427
2024-04-11,2388-2024,Tribunal Contencioso Administrativo,22-003503-1027-CA,https://nexuspj.poder-judicial.go.cr/document/sen-1-0034-1256573
2024-04-12,2464-2024,Tribunal Contencioso Administrativo,22-000866-1027-CA,https://nexuspj.poder-judicial.go.cr/document/sen-1-0034-1256590
2024-04-18,2564-2024,Tribunal Contencioso Administrativo,20-004557-1027-CA,https://nexuspj.poder-judicial.go.cr/document/sen-1-0034-1232795
2024-04-22,2639-2024,Tribunal Contencioso Administrativo,15-002267-1027-CA,https://nexuspj.poder-judicial.go.cr/document/sen-1-0034-1232245
2024-04-24,2709-2024,Tribunal Contencioso Administrativo,20-004586-1027-CA,https://nexuspj.poder-judicial.go.cr/document/sen-1-0034-1232616
2024-04-29,2803-2024,Tribunal Contencioso Administrativo,21-007233-1027-CA,https://nexuspj.poder-judicial.go.cr/document/sen-1-0034-1232608
2024-04-29,2806-2024,Tribunal Contencioso Administrativo,19-002850-1027-CA,https://nexuspj.poder-judicial.go.cr/document/sen-1-0034-1232611
2024-04-29,2808-2024,Tribunal Contencioso Administrativo,23-002630-1027-CA,https://nexuspj.poder-judicial.go.cr/document/sen-1-0034-1232613
2024-04-29,2816-2024,Tribunal Contencioso Administrativo,21-006846-1027-CA,https://nexuspj.poder-judicial.go.cr/document/sen-1-0034-1232970
2024-05-14,3134-2024,Tribunal Contencioso Administrativo,18-000058-1028-CA,https://nexuspj.poder-judicial.go.cr/document/sen-1-0034-1233121
2024-05-15,3139-2024,Tribunal Contencioso Administrativo,20-001498-1027-CA,https://nexuspj.poder-judicial.go.cr/document/sen-1-0034-1233125
2024-05-22,3280-2024,Tribunal Contencioso Administrativo,22-005993-1027-CA,https://nexuspj.poder-judicial.go.cr/document/sen-1-0034-1233218
2024-06-07,3681-2024,Tribunal Contencioso Administrativo,22-006375-1027-CA,https://nexuspj.poder-judicial.go.cr/document/sen-1-0034-1244666
2024-06-25,4046-2024,Tribunal Contencioso Administrativo,20-002735-1027-CA,https://nexuspj.poder-judicial.go.cr/document/sen-1-0034-1245023
2024-06-25,4051-2024,Tribunal Contencioso Administrativo,21-007375-1027-CA,https://nexuspj.poder-judicial.go.cr/document/sen-1-0034-1245028
2024-07-01,4232-2024,Tribunal Contencioso Administrativo,19-003661-1027-CA,https://nexuspj.poder-judicial.go.cr/document/sen-1-0034-1245155
2024-07-01,4249-2024,Tribunal Contencioso Administrativo,16-000110-0295-CI,https://nexuspj.poder-judicial.go.cr/document/sen-1-0034-1245163
2024-07-08,4389-2024,Tribunal Contencioso Administrativo,21-005701-1027-CA,https://nexuspj.poder-judicial.go.cr/document/sen-1-0034-1245258
2024-07-18,4645-2024,Tribunal Contencioso Administrativo,20-001810-1028-CA,https://nexuspj.poder-judicial.go.cr/document/sen-1-0034-1245468
2024-07-19,4711-2024,Tribunal Contencioso Administrativo,22-003101-1027-CA,https://nexuspj.poder-judicial.go.cr/document/sen-1-0034-1245510
2024-07-24,4784-2024,Tribunal Contencioso Administrativo,19-007603-1027-CA,https://nexuspj.poder-judicial.go.cr/document/sen-1-0034-1245571
2024-07-26,4798-2024,Tribunal Contencioso Administrativo,15-007755-1027-CA,https://nexuspj.poder-judicial.go.cr/document/sen-1-0034-1245583
2024-07-30,4884-2024,Tribunal Contencioso Administrativo,22-000297-0643-LA,https://nexuspj.poder-judicial.go.cr/document/sen-1-0034-1245644
2024-08-09,5115-2024,Tribunal Contencioso Administrativo,20-003880-1027-CA,https://nexuspj.poder-judicial.go.cr/document/sen-1-0034-1256773
2024-08-19,5309-2024,Tribunal Contencioso Administrativo,21-005514-1027-CA,https://nexuspj.poder-judicial.go.cr/document/sen-1-0034-1256904
2024-08-22,5379-2024,"Tribunal Contencioso Administrativo, Sección IV",22-002605-1027-CA,https://nexuspj.poder-judicial.go.cr/document/sen-1-0034-1256970
2024-08-23,5402-2024,Tribunal Contencioso Administrativo,18-008427-1027-CA,https://nexuspj.poder-judicial.go.cr/document/sen-1-0034-1256987
2024-09-11,5987-2024,"Tribunal Contencioso Administrativo, Sección III",22-002464-1027-CA,https://nexuspj.poder-judicial.go.cr/document/sen-1-0034-1257394
2024-09-12,2123-2024,Sala Segunda,20-000132-1557-LA,https://nexuspj.poder-judicial.go.cr/document/sen-1-0005-1250839
2024-09-13,6083-2024,"Tribunal Contencioso Administrativo, Sección III",21-007703-1027-CA,https://nexuspj.poder-judicial.go.cr/document/sen-1-0034-1257430
2024-09-17,6161-2024,Tribunal Contencioso Administrativo,19-003656-1027-CA,https://nexuspj.poder-judicial.go.cr/document/sen-1-0034-1255746
2024-09-19,1242-2024,Sala Primera,20-002888-1027-CA,https://nexuspj.poder-judicial.go.cr/document/sen-1-0004-1250512
2024-09-23,6326-2024,Tribunal Contencioso Administrativo,21-000161-1027-CA,https://nexuspj.poder-judicial.go.cr/document/sen-1-0034-1255770
2024-09-30,6576-2024,Tribunal Contencioso Administrativo,21-000466-1027-CA,https://nexuspj.poder-judicial.go.cr/document/sen-1-0034-1257706
2024-10-09,6876-2024,Tribunal Contencioso Administrativo,21-006463-1027-CA,https://nexuspj.poder-judicial.go.cr/document/sen-1-0034-1257967
2024-10-22,7296-2024,Tribunal Contencioso Administrativo,13-000962-1027-CA,https://nexuspj.poder-judicial.go.cr/document/sen-1-0034-1258339
2024-10-22,7311-2024,Tribunal Contencioso Administrativo,22-005201-1027-CA,https://nexuspj.poder-judicial.go.cr/document/sen-1-0034-1258354
2024-10-23,7356-2024,Tribunal Contencioso Administrativo,20-001937-1028-CA,https://nexuspj.poder-judicial.go.cr/document/sen-1-0034-1258398
2024-10-28,7564-2024,Tribunal Contencioso Administrativo,21-006571-1027-CA,https://nexuspj.poder-judicial.go.cr/document/sen-1-0034-1258564
2024-10-29,7583-2024,Tribunal Contencioso Administrativo,21-005489-1027-CA,https://nexuspj.poder-judicial.go.cr/document/sen-1-0034-1258582
2024-11-08,8059-2024,Tribunal Contencioso Administrativo,23-001369-1027-CA,https://nexuspj.poder-judicial.go.cr/document/sen-1-0034-1269303
2024-11-08,8060-2024,Tribunal Contencioso Administrativo,21-008229-1027-CA,https://nexuspj.poder-judicial.go.cr/document/sen-1-0034-1266138
2024-11-12,8161-2024,Tribunal Contencioso Administrativo,21-006883-1027-CA,https://nexuspj.poder-judicial.go.cr/document/sen-1-0034-1266150
2024-11-26,8826-2024,Tribunal Contencioso Administrativo,20-002621-1027-CA,https://nexuspj.poder-judicial.go.cr/document/sen-1-0034-1266240
2024-12-05,9135-2024,Tribunal Contencioso Administrativo,20-002708-1027-CA,https://nexuspj.poder-judicial.go.cr/document/sen-1-0034-1266296
2024-12-20,9691-2024,Tribunal Contencioso Administrativo,20-002886-1027-CA,https://nexuspj.poder-judicial.go.cr/document/sen-1-0034-1270720
2025-01-13,144-2025,Tribunal Contencioso Administrativo,21-008148-1027-CA,https://nexuspj.poder-judicial.go.cr/document/sen-1-0034-1277505
2025-01-21,316-2025,Tribunal Contencioso Administrativo,20-003921-1027-CA,https://nexuspj.poder-judicial.go.cr/document/sen-1-0034-1277636
2025-01-22,346-2025,Tribunal Contencioso Administrativo,21-005800-1027-CA,https://nexuspj.poder-judicial.go.cr/document/sen-1-0034-1277662
2025-01-24,435-2025,Tribunal Contencioso Administrativo,22-005529-1027-CA,https://nexuspj.poder-judicial.go.cr/document/sen-1-0034-1277716
2025-01-29,584-2025,Tribunal Contencioso Administrativo,22-004931-1027-CA,https://nexuspj.poder-judicial.go.cr/document/sen-1-0034-1277847
2025-01-30,645-2025,Tribunal Contencioso Administrativo,23-002772-1027-CA,https://nexuspj.poder-judicial.go.cr/document/sen-1-0034-1277904
2025-01-31,691-2025,Tribunal Contencioso Administrativo,21-000255-1027-CA,https://nexuspj.poder-judicial.go.cr/document/sen-1-0034-1277949
2025-01-31,720-2025,Tribunal Contencioso Administrativo,22-006541-1027-CA,https://nexuspj.poder-judicial.go.cr/document/sen-1-0034-1277955
2025-01-31,714-2025,"Tribunal Contencioso Administrativo, Sección III",21-002280-1028-CA,https://nexuspj.poder-judicial.go.cr/document/sen-1-0034-1277950
2025-02-06,108-2025,Sala Tercera,24-000258-0006-PE,https://nexuspj.poder-judicial.go.cr/document/sen-1-0006-1276360
2025-02-06,924-2025,Tribunal Contencioso Administrativo,20-002738-1027-CA,https://nexuspj.poder-judicial.go.cr/document/sen-1-0034-1280260
2025-02-06,922-2025,"Tribunal Contencioso Administrativo, Sección VI",22-002232-1027-CA,https://nexuspj.poder-judicial.go.cr/document/sen-1-0034-1280258
2025-02-24,1628-2025,Tribunal Contencioso Administrativo,19-005088-1027-CA,https://nexuspj.poder-judicial.go.cr/document/sen-1-0034-1280864
2025-03-20,2809-2025,Tribunal Contencioso Administrativo,20-004242-1027-CA,https://nexuspj.poder-judicial.go.cr/document/sen-1-0034-1287256
2025-03-21,2823-2025,Tribunal Contencioso Administrativo,19-007634-1027-CA,https://nexuspj.poder-judicial.go.cr/document/sen-1-0034-1287267
2025-04-04,1086-2025,Sala Segunda,18-002875-1178-LA,https://nexuspj.poder-judicial.go.cr/document/sen-1-0034-1334003
2025-04-04,3361-2025,Tribunal Contencioso Administrativo,21-000799-1027-CA,https://nexuspj.poder-judicial.go.cr/document/sen-1-0034-1287679
2025-04-10,3639-2025,Tribunal Contencioso Administrativo,23-000847-1027-CA,https://nexuspj.poder-judicial.go.cr/document/sen-1-0034-1287845
2025-04-23,3792-2025,Tribunal Contencioso Administrativo,14-006002-1027-CA,https://nexuspj.poder-judicial.go.cr/document/sen-1-0034-1299145
2025-04-23,3819-2025,"Tribunal Contencioso Administrativo, Sección V",21-005759-1027-CA,https://nexuspj.poder-judicial.go.cr/document/sen-1-0034-1299201
2025-04-25,3922-2025,"Tribunal Contencioso Administrativo, Sección III",22-004986-1027-CA,https://nexuspj.poder-judicial.go.cr/document/sen-1-0034-1299339
2025-04-25,3955-2025,"Tribunal Contencioso Administrativo, Sección V",22-005911-1027-CA,https://nexuspj.poder-judicial.go.cr/document/sen-1-0034-1299396
2025-04-28,3977-2025,Tribunal Contencioso Administrativo,20-003962-1027-CA,https://nexuspj.poder-judicial.go.cr/document/sen-1-0034-1299432
2025-04-28,3989-2025,Tribunal Contencioso Administrativo,22-003309-1027-CA,https://nexuspj.poder-judicial.go.cr/document/sen-1-0034-1299450
2025-05-23,4911-2025,Tribunal Contencioso Administrativo,22-005408-1027-CA,https://nexuspj.poder-judicial.go.cr/document/sen-1-0034-1296492
2025-05-28,5115-2025,"Tribunal Contencioso Administrativo, Sección V",22-003432-1027-CA,https://nexuspj.poder-judicial.go.cr/document/sen-1-0034-1296623
2025-06-09,5590-2025,Tribunal Contencioso Administrativo,20-004674-1027-CA,https://nexuspj.poder-judicial.go.cr/document/sen-1-0034-1308435
2025-06-30,6477-2025,Tribunal Contencioso Administrativo,22-000015-1629-CI,https://nexuspj.poder-judicial.go.cr/document/sen-1-0034-1309278
2025-07-04,20640-2025,Sala Constitucional,25-016097-0007-CO,https://nexuspj.poder-judicial.go.cr/document/sen-1-0007-1336893
2025-07-08,6758-2025,Tribunal Contencioso Administrativo,17-006525-1027-CA,https://nexuspj.poder-judicial.go.cr/document/sen-1-0034-1331578
2025-07-14,7032-2025,Tribunal Contencioso Administrativo,20-004101-1027-CA,https://nexuspj.poder-judicial.go.cr/document/sen-1-0034-1331659
2025-07-16,7120-2025,Tribunal Contencioso Administrativo,22-003420-1027-CA,https://nexuspj.poder-judicial.go.cr/document/sen-1-0034-1331696
2025-08-07,7994-2025,Tribunal Contencioso Administrativo,21-004992-1027-CA,https://nexuspj.poder-judicial.go.cr/document/sen-1-0034-1331988
2025-09-02,8810-2025,Tribunal Contencioso Administrativo,21-000640-1028-CA,https://nexuspj.poder-judicial.go.cr/document/sen-1-0034-1332300
2025-09-10,9020-2025,Tribunal Contencioso Administrativo,18-001185-1027-CA,https://nexuspj.poder-judicial.go.cr/document/sen-1-0034-1332407
2025-09-26,9402-2025,Tribunal Contencioso Administrativo,20-000870-1027-CA,https://nexuspj.poder-judicial.go.cr/document/sen-1-0034-1337255
2025-09-29,9472-2025,Tribunal Contencioso Administrativo,24-000730-1027-CA,https://nexuspj.poder-judicial.go.cr/document/sen-1-0034-1337280
2025-10-06,9663-2025,Tribunal Contencioso Administrativo,24-001600-1027-CA,https://nexuspj.poder-judicial.go.cr/document/sen-1-0034-1341194
2025-10-10,9790-2025,Tribunal Contencioso Administrativo,23-002671-1027-CA,https://nexuspj.poder-judicial.go.cr/document/sen-1-0034-1342817
2025-10-13,9841-2025,Tribunal Contencioso Administrativo,24-003395-1027-CA,https://nexuspj.poder-judicial.go.cr/document/sen-1-0034-1342857
2025-10-16,9927-2025,Tribunal Contencioso Administrativo,22-002384-1027-CA,https://nexuspj.poder-judicial.go.cr/document/sen-1-0034-1342913
2025-10-16,9936-2025,Tribunal Contencioso Administrativo,11-006217-1027-CA,https://nexuspj.poder-judicial.go.cr/document/sen-1-0034-1342916
2025-10-21,10026-2025,Tribunal Contencioso Administrativo,21-003699-1027-CA,https://nexuspj.poder-judicial.go.cr/document/sen-1-0034-1342999
2025-10-23,10115-2025,Tribunal Contencioso Administrativo,24-008260-1027-CA,https://nexuspj.poder-judicial.go.cr/document/sen-1-0034-1343066
2025-10-27,10149-2025,Tribunal Contencioso Administrativo,21-002785-0173-LA,https://nexuspj.poder-judicial.go.cr/document/sen-1-0034-1349520
2025-10-30,10290-2025,Tribunal Contencioso Administrativo,21-002812-1178-LA,https://nexuspj.poder-judicial.go.cr/document/sen-1-0034-1349618
2025-10-31,10306-2025,Tribunal Contencioso Administrativo,21-003814-1027-CA,https://nexuspj.poder-judicial.go.cr/document/sen-1-0034-1349629
2025-11-10,10510-2025,Tribunal Contencioso Administrativo,21-004906-1027-CA,https://nexuspj.poder-judicial.go.cr/document/sen-1-0034-1349780
2025-11-13,10654-2025,Tribunal Contencioso Administrativo,22-006548-1027-CA,https://nexuspj.poder-judicial.go.cr/document/sen-1-0034-1349898
2025-11-28,10994-2025,Tribunal Contencioso Administrativo,23-001088-1027-CA,https://nexuspj.poder-judicial.go.cr/document/sen-1-0034-1353025
2025-12-02,11040-2025,Tribunal Contencioso Administrativo,24-001980-1027-CA,https://nexuspj.poder-judicial.go.cr/document/sen-1-0034-1356840
2025-12-10,11209-2025,Tribunal Contencioso Administrativo,19-003565-1027-CA,https://nexuspj.poder-judicial.go.cr/document/sen-1-0034-1356969
2025-12-19,11467-2025,Tribunal Contencioso Administrativo,19-003557-1027-CA,https://nexuspj.poder-judicial.go.cr/document/sen-1-0034-1362768
2026-01-15,15-2026,Sala Primera,19-000358-1028-CA,https://nexuspj.poder-judicial.go.cr/document/sen-1-0004-1363094
2026-01-19,378-2026,Tribunal Contencioso Administrativo,21-004301-1027-CA,https://nexuspj.poder-judicial.go.cr/document/sen-1-0034-1363283
2026-01-28,611-2026,Tribunal Contencioso Administrativo,22-006576-1027-CA,https://nexuspj.poder-judicial.go.cr/document/sen-1-0034-1363403
2026-03-06,1478-2026,Tribunal Contencioso Administrativo,24-005640-1027-CA,https://nexuspj.poder-judicial.go.cr/document/sen-1-0034-1387010
2026-03-13,440-2026,Tribunal de Apelación de Sentencia Penal del II Circuito Judicial de San José,14-000490-0174-TR,https://nexuspj.poder-judicial.go.cr/document/sen-1-0034-1379456
2026-03-18,1767-2026,Tribunal Contencioso Administrativo,23-007292-1027-CA,https://nexuspj.poder-judicial.go.cr/document/sen-1-0034-1387122
2026-03-24,1880-2026,Tribunal Contencioso Administrativo,23-004176-1027-CA,https://nexuspj.poder-judicial.go.cr/document/sen-1-0034-1387175
2026-04-17,2365-2026,Tribunal Contencioso Administrativo,21-002294-1028-CA,https://nexuspj.poder-judicial.go.cr/document/sen-1-0034-1387360
2026-04-29,2684-2026,Tribunal Contencioso Administrativo,19-004295-1027-CA,https://nexuspj.poder-judicial.go.cr/document/sen-1-0034-1387463
2026-06-04,711-2026,Sala Primera,17-004901-1027-CA,https://nexuspj.poder-judicial.go.cr/document/sen-1-0004-1402661
2026-06-16,3937-2026,Tribunal Contencioso Administrativo,22-006145-1027-CA,https://nexuspj.poder-judicial.go.cr/document/sen-1-0034-1402574
2026-06-22,4150-2026,Tribunal Contencioso Administrativo,21-003510-1027-CA,https://nexuspj.poder-judicial.go.cr/document/sen-1-0034-1410420
2026-06-22,4155-2026,Tribunal Contencioso Administrativo,23-007638-1027-CA,https://nexuspj.poder-judicial.go.cr/document/sen-1-0034-1410422
2008-06-09,C-196-2008,Procuraduría General de la República · Dictamen,,https://sinalevi.go.cr/ResultadosPronunciamiento/Informacion?param1=15213&param2=1&param3=1
2010-05-24,Informe en la acción 10-006789-0007-CO,Procuraduría General de la República · Informe a la Sala Constitucional,,https://sinalevi.go.cr/ResultadosAsuntos/Informacion?param1=4033&param2=1&param3=1
2011-12-05,C-299-2011,Procuraduría General de la República · Dictamen,,https://sinalevi.go.cr/ResultadosPronunciamiento/Informacion?param1=16924&param2=1&param3=1
2012-09-24,OJ-064-2012,Procuraduría General de la República · Opinión jurídica,,https://sinalevi.go.cr/ResultadosPronunciamiento/Informacion?param1=17286&param2=1&param3=1
2013-12-16,Sesión 52-2013,Corte Plena · Acta,,https://nexuspj.poder-judicial.go.cr/document/act-1-0003-2762-24
2014-01-17,OJ-004-2014,Procuraduría General de la República · Opinión jurídica,,https://sinalevi.go.cr/ResultadosPronunciamiento/Informacion?param1=18930&param2=1&param3=1
2014-01-23,OJ-009-2014,Procuraduría General de la República · Opinión jurídica,,https://sinalevi.go.cr/ResultadosPronunciamiento/Informacion?param1=17936&param2=1&param3=1
2014-06-24,Sesión 57-2014,Consejo Superior del Poder Judicial · Acta,,https://nexuspj.poder-judicial.go.cr/document/act-1-0003-2849-40
2015-06-23,C-162-2015,Procuraduría General de la República · Dictamen,,https://sinalevi.go.cr/ResultadosPronunciamiento/Informacion?param1=18876&param2=1&param3=1
2015-10-08,Sesión 90-2015,Consejo Superior del Poder Judicial · Acta,,https://nexuspj.poder-judicial.go.cr/document/act-1-0003-3074-46
2015-11-12,Sesión 100-2015,Consejo Superior del Poder Judicial · Acta,,https://nexuspj.poder-judicial.go.cr/document/act-1-0003-3083-4
2016-01-26,Sesión 7-2016,Consejo Superior del Poder Judicial · Acta,,https://nexuspj.poder-judicial.go.cr/document/act-1-0003-3107-43
2019-11-21,Sesión 102-2019,Consejo Superior del Poder Judicial · Acta,,https://nexuspj.poder-judicial.go.cr/document/act-1-0003-3901-26
2021-03-01,C-060-2021,Procuraduría General de la República · Dictamen,,https://sinalevi.go.cr/ResultadosPronunciamiento/Informacion?param1=22610&param2=1&param3=1
2021-09-09,Sesión 79-2021,Consejo Superior del Poder Judicial · Acta,,https://nexuspj.poder-judicial.go.cr/document/act-1-0003-5477-58
2022-06-07,Sesión 48-2022,Consejo Superior del Poder Judicial · Acta,,https://nexuspj.poder-judicial.go.cr/document/act-1-0003-5746-52
2022-08-11,Sesión 68-2022,Consejo Superior del Poder Judicial · Acta,,https://nexuspj.poder-judicial.go.cr/document/act-1-0003-5802-30
2024-07-22,C-152-2024,Procuraduría General de la República · Dictamen,,https://sinalevi.go.cr/ResultadosPronunciamiento/Informacion?param1=24563&param2=1&param3=1
,Revista El Foro N.° 12,Colegio de Abogados y Abogadas de Costa Rica · doctrina,,https://abogados.or.cr/El-Foro-12.pdf
2021,El régimen jurídico de la lesividad en el nuevo proceso contencioso administrativo. A propósito de la materia administrativa sancionatoria y la materia tributaria,"Garita Navarro, José Roberto · doctrina",,https://hdl.handle.net/10669/84467
2021,Apuntes sobre el tratamiento jurídico del silencio en el derecho administrativo y en el derecho tributario,"Rodríguez Vargas, Luis Felipe; Segura Sánchez, Luis Alejandro · doctrina",,https://hdl.handle.net/10669/85232
2022,El restablecimiento de la legalidad urbanística en Costa Rica: Un análisis teórico y pragmático de la utilización de la demolición en sede administrativa municipal,"Mejías Rodríguez, Carlos José · doctrina",,https://hdl.handle.net/10669/88169
2024,Revista Judicial N.° 138 (2024),Corte Suprema de Justicia — Escuela Judicial · doctrina,,https://escuelajudicialpj.poder-judicial.go.cr/images/DocsRevista/revistajudicial_138_2024.pdf
